Model,Accuracy,Precision,Recall,F1 Score,ROC AUC
Decision Tree,0.998791322971225,0.9982674982674983,0.9989102976868591,0.9985887945334356,0.9988062797295993
Random Forest,0.9998727708390763,0.9999009263387328,0.9998018723067017,0.9998513968694274,0.9999996308521844
Rule-Based (AdaBoost),0.9994910833563052,0.999405616920105,0.999405616920105,0.999405616920105,0.99999894857152
K-Nearest Neighbors,0.994783604402129,0.9962673567909223,0.9915300411114963,0.9938930539695149,0.9984506379489502
Naive Bayes (Gaussian),0.9636972794164422,0.923609519005915,0.9977215315270692,0.9592361541025763,0.998563183037096
Naive Bayes (Bernoulli),0.9844144277868487,0.9960224375318715,0.9674575263757492,0.9815321993014899,0.9989963109644634
Neural Network (MLP),0.9981975868869145,0.99708238552072,0.9987121699935608,0.9978966123085299,0.9997704341360131
Deep Learning (Deep MLP),0.9995122882164592,0.9995046071534727,0.9993560849967804,0.9994303405572755,0.9999881835967863

